id,category_code,category_pl,category_en,common_name_pl,official_name_pl,svg_path,license_bucket,name_confidence,name_source,source_url,notes
A-1,A,ostrzegawcze,warning,zakręt w prawo,niebezpieczny zakręt w prawo,pl-road-signs/safe/A/A-1.svg,safe,high,pl.wikipedia + ręczne skrócenie nazw,https://pl.wikipedia.org/wiki/Wzory_znak%C3%B3w_i_sygna%C5%82%C3%B3w_drogowych_w_Polsce,
A-2,A,ostrzegawcze,warning,zakręt w lewo,niebezpieczny zakręt w lewo,pl-road-signs/safe/A/A-2.svg,safe,high,pl.wikipedia + ręczne skrócenie nazw,https://pl.wikipedia.org/wiki/Wzory_znak%C3%B3w_i_sygna%C5%82%C3%B3w_drogowych_w_Polsce,
A-3,A,ostrzegawcze,warning,seria zakrętów pierwszy w prawo,niebezpieczne zakręty — pierwszy w prawo,pl-road-signs/safe/A/A-3.svg,safe,high,pl.wikipedia + ręczne skrócenie nazw,https://pl.wikipedia.org/wiki/Wzory_znak%C3%B3w_i_sygna%C5%82%C3%B3w_drogowych_w_Polsce,
A-4,A,ostrzegawcze,warning,seria zakrętów pierwszy w lewo,niebezpieczne zakręty — pierwszy w lewo,pl-road-signs/safe/A/A-4.svg,safe,high,pl.wikipedia + ręczne skrócenie nazw,https://pl.wikipedia.org/wiki/Wzory_znak%C3%B3w_i_sygna%C5%82%C3%B3w_drogowych_w_Polsce,
A-5,A,ostrzegawcze,warning,skrzyżowanie równorzędne,skrzyżowanie dróg — skrzyżowanie równorzędne,pl-road-signs/safe/A/A-5.svg,safe,high,pl.wikipedia + ręczne skrócenie nazw,https://pl.wikipedia.org/wiki/Wzory_znak%C3%B3w_i_sygna%C5%82%C3%B3w_drogowych_w_Polsce,
A-6a,A,ostrzegawcze,warning,droga podporządkowana z obu stron,skrzyżowanie z drogą podporządkowaną występującą po obu stronach,pl-road-signs/safe/A/A-6a.svg,safe,high,pl.wikipedia + ręczne skrócenie nazw,https://pl.wikipedia.org/wiki/Wzory_znak%C3%B3w_i_sygna%C5%82%C3%B3w_drogowych_w_Polsce,
A-6b,A,ostrzegawcze,warning,droga podporządkowana z prawej,skrzyżowanie z drogą podporządkowaną występującą po prawej stronie,pl-road-signs/safe/A/A-6b.svg,safe,high,pl.wikipedia + ręczne skrócenie nazw,https://pl.wikipedia.org/wiki/Wzory_znak%C3%B3w_i_sygna%C5%82%C3%B3w_drogowych_w_Polsce,
A-6c,A,ostrzegawcze,warning,droga podporządkowana z lewej,skrzyżowanie z drogą podporządkowaną występującą po lewej stronie,pl-road-signs/safe/A/A-6c.svg,safe,high,pl.wikipedia + ręczne skrócenie nazw,https://pl.wikipedia.org/wiki/Wzory_znak%C3%B3w_i_sygna%C5%82%C3%B3w_drogowych_w_Polsce,
A-6d,A,ostrzegawcze,warning,wlot jednokierunkowej z prawej,wlot drogi jednokierunkowej z prawej strony,pl-road-signs/safe/A/A-6d.svg,safe,high,pl.wikipedia + ręczne skrócenie nazw,https://pl.wikipedia.org/wiki/Wzory_znak%C3%B3w_i_sygna%C5%82%C3%B3w_drogowych_w_Polsce,
A-6e,A,ostrzegawcze,warning,wlot jednokierunkowej z lewej,wlot drogi jednokierunkowej z lewej strony,pl-road-signs/safe/A/A-6e.svg,safe,high,pl.wikipedia + ręczne skrócenie nazw,https://pl.wikipedia.org/wiki/Wzory_znak%C3%B3w_i_sygna%C5%82%C3%B3w_drogowych_w_Polsce,
A-7,A,ostrzegawcze,warning,ustąp pierwszeństwa,ustąp pierwszeństwa,pl-road-signs/safe/A/A-7.svg,safe,high,pl.wikipedia + ręczne skrócenie nazw,https://pl.wikipedia.org/wiki/Wzory_znak%C3%B3w_i_sygna%C5%82%C3%B3w_drogowych_w_Polsce,
A-8,A,ostrzegawcze,warning,rondo,skrzyżowanie o ruchu okrężnym,pl-road-signs/safe/A/A-8.svg,safe,high,pl.wikipedia + ręczne skrócenie nazw,https://pl.wikipedia.org/wiki/Wzory_znak%C3%B3w_i_sygna%C5%82%C3%B3w_drogowych_w_Polsce,
A-9,A,ostrzegawcze,warning,przejazd kolejowy z zaporami,przejazd kolejowy z zaporami,pl-road-signs/safe/A/A-9.svg,safe,high,pl.wikipedia + ręczne skrócenie nazw,https://pl.wikipedia.org/wiki/Wzory_znak%C3%B3w_i_sygna%C5%82%C3%B3w_drogowych_w_Polsce,
A-10,A,ostrzegawcze,warning,przejazd kolejowy bez zapór,przejazd kolejowy bez zapór,pl-road-signs/safe/A/A-10.svg,safe,high,pl.wikipedia + ręczne skrócenie nazw,https://pl.wikipedia.org/wiki/Wzory_znak%C3%B3w_i_sygna%C5%82%C3%B3w_drogowych_w_Polsce,
A-11,A,ostrzegawcze,warning,nierówna droga,nierówna droga,pl-road-signs/safe/A/A-11.svg,safe,high,pl.wikipedia + ręczne skrócenie nazw,https://pl.wikipedia.org/wiki/Wzory_znak%C3%B3w_i_sygna%C5%82%C3%B3w_drogowych_w_Polsce,
A-11a,A,ostrzegawcze,warning,próg zwalniający,próg zwalniający,pl-road-signs/safe/A/A-11a.svg,safe,high,pl.wikipedia + ręczne skrócenie nazw,https://pl.wikipedia.org/wiki/Wzory_znak%C3%B3w_i_sygna%C5%82%C3%B3w_drogowych_w_Polsce,
A-12a,A,ostrzegawcze,warning,zwężenie z obu stron,zwężenie jezdni — dwustronne,pl-road-signs/safe/A/A-12a.svg,safe,high,pl.wikipedia + ręczne skrócenie nazw,https://pl.wikipedia.org/wiki/Wzory_znak%C3%B3w_i_sygna%C5%82%C3%B3w_drogowych_w_Polsce,
A-12b,A,ostrzegawcze,warning,zwężenie z prawej,zwężenie jezdni — prawostronne,pl-road-signs/safe/A/A-12b.svg,safe,high,pl.wikipedia + ręczne skrócenie nazw,https://pl.wikipedia.org/wiki/Wzory_znak%C3%B3w_i_sygna%C5%82%C3%B3w_drogowych_w_Polsce,
A-12c,A,ostrzegawcze,warning,zwężenie z lewej,zwężenie jezdni — lewostronne,pl-road-signs/safe/A/A-12c.svg,safe,high,pl.wikipedia + ręczne skrócenie nazw,https://pl.wikipedia.org/wiki/Wzory_znak%C3%B3w_i_sygna%C5%82%C3%B3w_drogowych_w_Polsce,
A-13,A,ostrzegawcze,warning,ruchomy most,ruchomy most,pl-road-signs/safe/A/A-13.svg,safe,high,pl.wikipedia + ręczne skrócenie nazw,https://pl.wikipedia.org/wiki/Wzory_znak%C3%B3w_i_sygna%C5%82%C3%B3w_drogowych_w_Polsce,
A-14,A,ostrzegawcze,warning,roboty drogowe,roboty na drodze,pl-road-signs/safe/A/A-14.svg,safe,high,pl.wikipedia + ręczne skrócenie nazw,https://pl.wikipedia.org/wiki/Wzory_znak%C3%B3w_i_sygna%C5%82%C3%B3w_drogowych_w_Polsce,
A-15,A,ostrzegawcze,warning,śliska droga,śliska jezdnia,pl-road-signs/safe/A/A-15.svg,safe,high,pl.wikipedia + ręczne skrócenie nazw,https://pl.wikipedia.org/wiki/Wzory_znak%C3%B3w_i_sygna%C5%82%C3%B3w_drogowych_w_Polsce,
A-16,A,ostrzegawcze,warning,przejście dla pieszych,przejście dla pieszych,pl-road-signs/safe/A/A-16.svg,safe,high,pl.wikipedia + ręczne skrócenie nazw,https://pl.wikipedia.org/wiki/Wzory_znak%C3%B3w_i_sygna%C5%82%C3%B3w_drogowych_w_Polsce,
A-17,A,ostrzegawcze,warning,uwaga dzieci,dzieci,pl-road-signs/safe/A/A-17.svg,safe,high,pl.wikipedia + ręczne skrócenie nazw,https://pl.wikipedia.org/wiki/Wzory_znak%C3%B3w_i_sygna%C5%82%C3%B3w_drogowych_w_Polsce,
A-18a,A,ostrzegawcze,warning,zwierzęta gospodarskie,zwierzęta gospodarskie,pl-road-signs/safe/A/A-18a.svg,safe,high,pl.wikipedia + ręczne skrócenie nazw,https://pl.wikipedia.org/wiki/Wzory_znak%C3%B3w_i_sygna%C5%82%C3%B3w_drogowych_w_Polsce,
A-18b,A,ostrzegawcze,warning,dzikie zwierzęta,zwierzęta dzikie,pl-road-signs/safe/A/A-18b.svg,safe,high,pl.wikipedia + ręczne skrócenie nazw,https://pl.wikipedia.org/wiki/Wzory_znak%C3%B3w_i_sygna%C5%82%C3%B3w_drogowych_w_Polsce,
A-19,A,ostrzegawcze,warning,boczny wiatr,boczny wiatr,pl-road-signs/safe/A/A-19.svg,safe,high,pl.wikipedia + ręczne skrócenie nazw,https://pl.wikipedia.org/wiki/Wzory_znak%C3%B3w_i_sygna%C5%82%C3%B3w_drogowych_w_Polsce,
A-20,A,ostrzegawcze,warning,ruch dwukierunkowy,odcinek jezdni o ruchu dwukierunkowym,pl-road-signs/safe/A/A-20.svg,safe,high,pl.wikipedia + ręczne skrócenie nazw,https://pl.wikipedia.org/wiki/Wzory_znak%C3%B3w_i_sygna%C5%82%C3%B3w_drogowych_w_Polsce,
A-21,A,ostrzegawcze,warning,tramwaj,tramwaj,pl-road-signs/safe/A/A-21.svg,safe,high,pl.wikipedia + ręczne skrócenie nazw,https://pl.wikipedia.org/wiki/Wzory_znak%C3%B3w_i_sygna%C5%82%C3%B3w_drogowych_w_Polsce,
A-22,A,ostrzegawcze,warning,stromy zjazd,niebezpieczny zjazd,pl-road-signs/safe/A/A-22.svg,safe,high,pl.wikipedia + ręczne skrócenie nazw,https://pl.wikipedia.org/wiki/Wzory_znak%C3%B3w_i_sygna%C5%82%C3%B3w_drogowych_w_Polsce,
A-23,A,ostrzegawcze,warning,stromy podjazd,stromy podjazd,pl-road-signs/safe/A/A-23.svg,safe,high,pl.wikipedia + ręczne skrócenie nazw,https://pl.wikipedia.org/wiki/Wzory_znak%C3%B3w_i_sygna%C5%82%C3%B3w_drogowych_w_Polsce,
A-24,A,ostrzegawcze,warning,rowerzyści,rowerzyści,pl-road-signs/safe/A/A-24.svg,safe,high,pl.wikipedia + ręczne skrócenie nazw,https://pl.wikipedia.org/wiki/Wzory_znak%C3%B3w_i_sygna%C5%82%C3%B3w_drogowych_w_Polsce,
A-25,A,ostrzegawcze,warning,spadające kamienie,spadające odłamki skalne,pl-road-signs/safe/A/A-25.svg,safe,high,pl.wikipedia + ręczne skrócenie nazw,https://pl.wikipedia.org/wiki/Wzory_znak%C3%B3w_i_sygna%C5%82%C3%B3w_drogowych_w_Polsce,
A-26,A,ostrzegawcze,warning,lotnisko,lotnisko,pl-road-signs/safe/A/A-26.svg,safe,high,pl.wikipedia + ręczne skrócenie nazw,https://pl.wikipedia.org/wiki/Wzory_znak%C3%B3w_i_sygna%C5%82%C3%B3w_drogowych_w_Polsce,
A-27,A,ostrzegawcze,warning,nabrzeże,nabrzeże lub brzeg rzeki,pl-road-signs/safe/A/A-27.svg,safe,high,pl.wikipedia + ręczne skrócenie nazw,https://pl.wikipedia.org/wiki/Wzory_znak%C3%B3w_i_sygna%C5%82%C3%B3w_drogowych_w_Polsce,
A-28,A,ostrzegawcze,warning,sypki żwir,sypki żwir,pl-road-signs/safe/A/A-28.svg,safe,high,pl.wikipedia + ręczne skrócenie nazw,https://pl.wikipedia.org/wiki/Wzory_znak%C3%B3w_i_sygna%C5%82%C3%B3w_drogowych_w_Polsce,
A-29,A,ostrzegawcze,warning,światła,sygnały świetlne,pl-road-signs/safe/A/A-29.svg,safe,high,pl.wikipedia + ręczne skrócenie nazw,https://pl.wikipedia.org/wiki/Wzory_znak%C3%B3w_i_sygna%C5%82%C3%B3w_drogowych_w_Polsce,
A-30,A,ostrzegawcze,warning,inne niebezpieczeństwo,inne niebezpieczeństwo,pl-road-signs/safe/A/A-30.svg,safe,high,pl.wikipedia + ręczne skrócenie nazw,https://pl.wikipedia.org/wiki/Wzory_znak%C3%B3w_i_sygna%C5%82%C3%B3w_drogowych_w_Polsce,
A-31,A,ostrzegawcze,warning,niebezpieczne pobocze,niebezpieczne pobocze,pl-road-signs/safe/A/A-31.svg,safe,high,pl.wikipedia + ręczne skrócenie nazw,https://pl.wikipedia.org/wiki/Wzory_znak%C3%B3w_i_sygna%C5%82%C3%B3w_drogowych_w_Polsce,
A-32,A,ostrzegawcze,warning,ślisko przez mróz,oszronienie jezdni,pl-road-signs/safe/A/A-32.svg,safe,high,pl.wikipedia + ręczne skrócenie nazw,https://pl.wikipedia.org/wiki/Wzory_znak%C3%B3w_i_sygna%C5%82%C3%B3w_drogowych_w_Polsce,
A-33,A,ostrzegawcze,warning,korek,zator drogowy,pl-road-signs/safe/A/A-33.svg,safe,high,pl.wikipedia + ręczne skrócenie nazw,https://pl.wikipedia.org/wiki/Wzory_znak%C3%B3w_i_sygna%C5%82%C3%B3w_drogowych_w_Polsce,
A-34,A,ostrzegawcze,warning,wypadek,wypadek drogowy,pl-road-signs/safe/A/A-34.svg,safe,high,pl.wikipedia + ręczne skrócenie nazw,https://pl.wikipedia.org/wiki/Wzory_znak%C3%B3w_i_sygna%C5%82%C3%B3w_drogowych_w_Polsce,
B-1,B,zakazu,prohibition,zakaz ruchu,zakaz ruchu w obu kierunkach,pl-road-signs/safe/B/B-1.svg,safe,high,pl.wikipedia + ręczne skrócenie nazw,https://pl.wikipedia.org/wiki/Wzory_znak%C3%B3w_i_sygna%C5%82%C3%B3w_drogowych_w_Polsce,
B-2,B,zakazu,prohibition,zakaz wjazdu,zakaz wjazdu,pl-road-signs/safe/B/B-2.svg,safe,high,pl.wikipedia + ręczne skrócenie nazw,https://pl.wikipedia.org/wiki/Wzory_znak%C3%B3w_i_sygna%C5%82%C3%B3w_drogowych_w_Polsce,
B-3,B,zakazu,prohibition,zakaz aut,zakaz wjazdu pojazdów silnikowych z wyjątkiem motocykli jednośladowych,pl-road-signs/safe/B/B-3.svg,safe,high,pl.wikipedia + ręczne skrócenie nazw,https://pl.wikipedia.org/wiki/Wzory_znak%C3%B3w_i_sygna%C5%82%C3%B3w_drogowych_w_Polsce,
B-3-4,B,zakazu,prohibition,zakaz aut i motocykli,zakaz wjazdu pojazdów silnikowych,pl-road-signs/safe/B/B-3-4.svg,safe,high,pl.wikipedia + ręczne skrócenie nazw,https://pl.wikipedia.org/wiki/Wzory_znak%C3%B3w_i_sygna%C5%82%C3%B3w_drogowych_w_Polsce,
B-3-4-10,B,zakazu,prohibition,zakaz pojazdów silnikowych i motorowerów,zakaz wjazdu pojazdów silnikowych i motorowerów,pl-road-signs/safe/B/B-3-4-10.svg,safe,high,pl.wikipedia + ręczne skrócenie nazw,https://pl.wikipedia.org/wiki/Wzory_znak%C3%B3w_i_sygna%C5%82%C3%B3w_drogowych_w_Polsce,
B-3a,B,zakazu,prohibition,zakaz autobusów,zakaz wjazdu autobusów,pl-road-signs/safe/B/B-3a.svg,safe,high,pl.wikipedia + ręczne skrócenie nazw,https://pl.wikipedia.org/wiki/Wzory_znak%C3%B3w_i_sygna%C5%82%C3%B3w_drogowych_w_Polsce,
B-4,B,zakazu,prohibition,zakaz motocykli,zakaz wjazdu motocykli,pl-road-signs/safe/B/B-4.svg,safe,high,pl.wikipedia + ręczne skrócenie nazw,https://pl.wikipedia.org/wiki/Wzory_znak%C3%B3w_i_sygna%C5%82%C3%B3w_drogowych_w_Polsce,
B-5,B,zakazu,prohibition,zakaz ciężarówek,zakaz wjazdu samochodów ciężarowych,pl-road-signs/safe/B/B-5.svg,safe,high,pl.wikipedia + ręczne skrócenie nazw,https://pl.wikipedia.org/wiki/Wzory_znak%C3%B3w_i_sygna%C5%82%C3%B3w_drogowych_w_Polsce,
B-5-6t,B,zakazu,prohibition,zakaz ciężarówek powyżej 6t,zakaz wjazdu samochodów ciężarowych o dopuszczalnej masie całkowitej ponad 6t,pl-road-signs/safe/B/B-5-6t.svg,safe,medium,pl.wikipedia + ręczne skrócenie nazw,https://pl.wikipedia.org/wiki/Wzory_znak%C3%B3w_i_sygna%C5%82%C3%B3w_drogowych_w_Polsce,"Nazwa wariantu wygenerowana z bazowego znaku i wartości/odmiany; warto ręcznie potwierdzić, jeśli ma trafić do oficjalnego quizu."
B-6,B,zakazu,prohibition,zakaz traktorów,zakaz wjazdu ciągników rolniczych i pojazdów wolnobieżnych,pl-road-signs/safe/B/B-6.svg,safe,high,pl.wikipedia + ręczne skrócenie nazw,https://pl.wikipedia.org/wiki/Wzory_znak%C3%B3w_i_sygna%C5%82%C3%B3w_drogowych_w_Polsce,
B-6-8,B,zakazu,prohibition,zakaz traktorów i zaprzęgów,zakaz wjazdu ciągników rolniczych i pojazdów zaprzęgowych,pl-road-signs/safe/B/B-6-8.svg,safe,high,pl.wikipedia + ręczne skrócenie nazw,https://pl.wikipedia.org/wiki/Wzory_znak%C3%B3w_i_sygna%C5%82%C3%B3w_drogowych_w_Polsce,
B-6-8-9,B,zakazu,prohibition,zakaz pojazdów niesamochodowych,zakaz wjazdu pojazdów innych niż samochodowe,pl-road-signs/safe/B/B-6-8-9.svg,safe,high,pl.wikipedia + ręczne skrócenie nazw,https://pl.wikipedia.org/wiki/Wzory_znak%C3%B3w_i_sygna%C5%82%C3%B3w_drogowych_w_Polsce,
B-7,B,zakazu,prohibition,zakaz pojazdów z przyczepą,zakaz wjazdu pojazdów silnikowych z przyczepą,pl-road-signs/safe/B/B-7.svg,safe,high,pl.wikipedia + ręczne skrócenie nazw,https://pl.wikipedia.org/wiki/Wzory_znak%C3%B3w_i_sygna%C5%82%C3%B3w_drogowych_w_Polsce,
B-8,B,zakazu,prohibition,zakaz pojazdów zaprzęgowych,zakaz wjazdu pojazdów zaprzęgowych,pl-road-signs/safe/B/B-8.svg,safe,high,pl.wikipedia + ręczne skrócenie nazw,https://pl.wikipedia.org/wiki/Wzory_znak%C3%B3w_i_sygna%C5%82%C3%B3w_drogowych_w_Polsce,
B-9,B,zakazu,prohibition,zakaz rowerów,zakaz wjazdu rowerów,pl-road-signs/safe/B/B-9.svg,safe,high,pl.wikipedia + ręczne skrócenie nazw,https://pl.wikipedia.org/wiki/Wzory_znak%C3%B3w_i_sygna%C5%82%C3%B3w_drogowych_w_Polsce,
B-9-12,B,zakazu,prohibition,zakaz rowerów i wózków ręcznych,zakaz wjazdu rowerów i wózków ręcznych,pl-road-signs/safe/B/B-9-12.svg,safe,high,pl.wikipedia + ręczne skrócenie nazw,https://pl.wikipedia.org/wiki/Wzory_znak%C3%B3w_i_sygna%C5%82%C3%B3w_drogowych_w_Polsce,
B-10,B,zakazu,prohibition,zakaz motorowerów,zakaz wjazdu motorowerów,pl-road-signs/safe/B/B-10.svg,safe,high,pl.wikipedia + ręczne skrócenie nazw,https://pl.wikipedia.org/wiki/Wzory_znak%C3%B3w_i_sygna%C5%82%C3%B3w_drogowych_w_Polsce,
B-11,B,zakazu,prohibition,zakaz wózków rowerowych,zakaz wjazdu wózków rowerowych,pl-road-signs/safe/B/B-11.svg,safe,high,pl.wikipedia + ręczne skrócenie nazw,https://pl.wikipedia.org/wiki/Wzory_znak%C3%B3w_i_sygna%C5%82%C3%B3w_drogowych_w_Polsce,
B-12,B,zakazu,prohibition,zakaz wózków ręcznych,zakaz wjazdu wózków ręcznych,pl-road-signs/safe/B/B-12.svg,safe,high,pl.wikipedia + ręczne skrócenie nazw,https://pl.wikipedia.org/wiki/Wzory_znak%C3%B3w_i_sygna%C5%82%C3%B3w_drogowych_w_Polsce,
B-13,B,zakazu,prohibition,zakaz materiałów wybuchowych,zakaz wjazdu pojazdów z towarami wybuchowymi lub łatwo zapalnymi,pl-road-signs/safe/B/B-13.svg,safe,high,pl.wikipedia + ręczne skrócenie nazw,https://pl.wikipedia.org/wiki/Wzory_znak%C3%B3w_i_sygna%C5%82%C3%B3w_drogowych_w_Polsce,
B-13-14,B,zakazu,prohibition,zakaz materiałów niebezpiecznych i skażających wodę,zakaz wjazdu pojazdów z towarami wybuchowymi lub łatwo zapalnymi oraz towarami mogącymi skazić wodę,pl-road-signs/safe/B/B-13-14.svg,safe,high,pl.wikipedia + ręczne skrócenie nazw,https://pl.wikipedia.org/wiki/Wzory_znak%C3%B3w_i_sygna%C5%82%C3%B3w_drogowych_w_Polsce,
B-13a,B,zakazu,prohibition,zakaz materiałów niebezpiecznych,zakaz wjazdu pojazdów z towarami niebezpiecznymi,pl-road-signs/safe/B/B-13a.svg,safe,high,pl.wikipedia + ręczne skrócenie nazw,https://pl.wikipedia.org/wiki/Wzory_znak%C3%B3w_i_sygna%C5%82%C3%B3w_drogowych_w_Polsce,
B-14,B,zakazu,prohibition,zakaz materiałów skażających wodę,"zakaz wjazdu pojazdów z towarami, które mogą skazić wodę",pl-road-signs/safe/B/B-14.svg,safe,high,pl.wikipedia + ręczne skrócenie nazw,https://pl.wikipedia.org/wiki/Wzory_znak%C3%B3w_i_sygna%C5%82%C3%B3w_drogowych_w_Polsce,
B-17-6m,B,zakazu,prohibition,zakaz pojazdów dłuższych niż 6m,zakaz wjazdu pojazdów o długości ponad 6m,pl-road-signs/safe/B/B-17-6m.svg,safe,medium,pl.wikipedia + ręczne skrócenie nazw,https://pl.wikipedia.org/wiki/Wzory_znak%C3%B3w_i_sygna%C5%82%C3%B3w_drogowych_w_Polsce,"Nazwa wariantu wygenerowana z bazowego znaku i wartości/odmiany; warto ręcznie potwierdzić, jeśli ma trafić do oficjalnego quizu."
B-18-7t,B,zakazu,prohibition,zakaz pojazdów cięższych niż 7t,zakaz wjazdu pojazdów o rzeczywistej masie całkowitej ponad 7t,pl-road-signs/safe/B/B-18-7t.svg,safe,medium,pl.wikipedia + ręczne skrócenie nazw,https://pl.wikipedia.org/wiki/Wzory_znak%C3%B3w_i_sygna%C5%82%C3%B3w_drogowych_w_Polsce,"Nazwa wariantu wygenerowana z bazowego znaku i wartości/odmiany; warto ręcznie potwierdzić, jeśli ma trafić do oficjalnego quizu."
B-19-10t,B,zakazu,prohibition,zakaz nacisku osi powyżej 10t,zakaz wjazdu pojazdów o nacisku pojedynczej osi napędowej powyżej 10t,pl-road-signs/safe/B/B-19-10t.svg,safe,medium,pl.wikipedia + ręczne skrócenie nazw,https://pl.wikipedia.org/wiki/Wzory_znak%C3%B3w_i_sygna%C5%82%C3%B3w_drogowych_w_Polsce,"Nazwa wariantu wygenerowana z bazowego znaku i wartości/odmiany; warto ręcznie potwierdzić, jeśli ma trafić do oficjalnego quizu."
B-20,B,zakazu,prohibition,stop,stop,pl-road-signs/safe/B/B-20.svg,safe,high,pl.wikipedia + ręczne skrócenie nazw,https://pl.wikipedia.org/wiki/Wzory_znak%C3%B3w_i_sygna%C5%82%C3%B3w_drogowych_w_Polsce,
B-21,B,zakazu,prohibition,zakaz skrętu w lewo,zakaz skręcania w lewo,pl-road-signs/safe/B/B-21.svg,safe,high,pl.wikipedia + ręczne skrócenie nazw,https://pl.wikipedia.org/wiki/Wzory_znak%C3%B3w_i_sygna%C5%82%C3%B3w_drogowych_w_Polsce,
B-22,B,zakazu,prohibition,zakaz skrętu w prawo,zakaz skręcania w prawo,pl-road-signs/safe/B/B-22.svg,safe,high,pl.wikipedia + ręczne skrócenie nazw,https://pl.wikipedia.org/wiki/Wzory_znak%C3%B3w_i_sygna%C5%82%C3%B3w_drogowych_w_Polsce,
B-23,B,zakazu,prohibition,zakaz zawracania,zakaz zawracania,pl-road-signs/safe/B/B-23.svg,safe,high,pl.wikipedia + ręczne skrócenie nazw,https://pl.wikipedia.org/wiki/Wzory_znak%C3%B3w_i_sygna%C5%82%C3%B3w_drogowych_w_Polsce,
B-24,B,zakazu,prohibition,koniec zakazu zawracania,koniec zakazu zawracania,pl-road-signs/safe/B/B-24.svg,safe,high,pl.wikipedia + ręczne skrócenie nazw,https://pl.wikipedia.org/wiki/Wzory_znak%C3%B3w_i_sygna%C5%82%C3%B3w_drogowych_w_Polsce,
B-25,B,zakazu,prohibition,zakaz wyprzedzania,zakaz wyprzedzania,pl-road-signs/safe/B/B-25.svg,safe,high,pl.wikipedia + ręczne skrócenie nazw,https://pl.wikipedia.org/wiki/Wzory_znak%C3%B3w_i_sygna%C5%82%C3%B3w_drogowych_w_Polsce,
B-26,B,zakazu,prohibition,zakaz wyprzedzania ciężarówką,zakaz wyprzedzania przez samochody ciężarowe,pl-road-signs/safe/B/B-26.svg,safe,high,pl.wikipedia + ręczne skrócenie nazw,https://pl.wikipedia.org/wiki/Wzory_znak%C3%B3w_i_sygna%C5%82%C3%B3w_drogowych_w_Polsce,
B-27,B,zakazu,prohibition,koniec zakazu wyprzedzania,koniec zakazu wyprzedzania,pl-road-signs/safe/B/B-27.svg,safe,high,pl.wikipedia + ręczne skrócenie nazw,https://pl.wikipedia.org/wiki/Wzory_znak%C3%B3w_i_sygna%C5%82%C3%B3w_drogowych_w_Polsce,
B-28,B,zakazu,prohibition,koniec zakazu wyprzedzania ciężarówką,koniec zakazu wyprzedzania przez samochody ciężarowe,pl-road-signs/safe/B/B-28.svg,safe,high,pl.wikipedia + ręczne skrócenie nazw,https://pl.wikipedia.org/wiki/Wzory_znak%C3%B3w_i_sygna%C5%82%C3%B3w_drogowych_w_Polsce,
B-29,B,zakazu,prohibition,zakaz trąbienia,zakaz używania sygnałów dźwiękowych,pl-road-signs/safe/B/B-29.svg,safe,high,pl.wikipedia + ręczne skrócenie nazw,https://pl.wikipedia.org/wiki/Wzory_znak%C3%B3w_i_sygna%C5%82%C3%B3w_drogowych_w_Polsce,
B-30,B,zakazu,prohibition,koniec zakazu trąbienia,koniec zakazu używania sygnałów dźwiękowych,pl-road-signs/safe/B/B-30.svg,safe,high,pl.wikipedia + ręczne skrócenie nazw,https://pl.wikipedia.org/wiki/Wzory_znak%C3%B3w_i_sygna%C5%82%C3%B3w_drogowych_w_Polsce,
B-31,B,zakazu,prohibition,ustąp pojazdom z przeciwka,pierwszeństwo dla nadjeżdżających z przeciwka,pl-road-signs/safe/B/B-31.svg,safe,high,pl.wikipedia + ręczne skrócenie nazw,https://pl.wikipedia.org/wiki/Wzory_znak%C3%B3w_i_sygna%C5%82%C3%B3w_drogowych_w_Polsce,
B-32,B,zakazu,prohibition,kontrola celna,stój — kontrola celna,pl-road-signs/safe/B/B-32.svg,safe,high,pl.wikipedia + ręczne skrócenie nazw,https://pl.wikipedia.org/wiki/Wzory_znak%C3%B3w_i_sygna%C5%82%C3%B3w_drogowych_w_Polsce,
B-32a,B,zakazu,prohibition,granica,kontrola graniczna,pl-road-signs/safe/B/B-32a.svg,safe,high,pl.wikipedia + ręczne skrócenie nazw,https://pl.wikipedia.org/wiki/Wzory_znak%C3%B3w_i_sygna%C5%82%C3%B3w_drogowych_w_Polsce,
B-32b,B,zakazu,prohibition,rogatka uszkodzona,rogatka uszkodzona,pl-road-signs/safe/B/B-32b.svg,safe,high,pl.wikipedia + ręczne skrócenie nazw,https://pl.wikipedia.org/wiki/Wzory_znak%C3%B3w_i_sygna%C5%82%C3%B3w_drogowych_w_Polsce,
B-32c,B,zakazu,prohibition,sygnalizacja uszkodzona,sygnalizacja uszkodzona,pl-road-signs/safe/B/B-32c.svg,safe,high,pl.wikipedia + ręczne skrócenie nazw,https://pl.wikipedia.org/wiki/Wzory_znak%C3%B3w_i_sygna%C5%82%C3%B3w_drogowych_w_Polsce,
B-32d,B,zakazu,prohibition,prom,wjazd na prom,pl-road-signs/safe/B/B-32d.svg,safe,high,pl.wikipedia + ręczne skrócenie nazw,https://pl.wikipedia.org/wiki/Wzory_znak%C3%B3w_i_sygna%C5%82%C3%B3w_drogowych_w_Polsce,
B-32e,B,zakazu,prohibition,kontrola drogowa,kontrola drogowa,pl-road-signs/safe/B/B-32e.svg,safe,high,pl.wikipedia + ręczne skrócenie nazw,https://pl.wikipedia.org/wiki/Wzory_znak%C3%B3w_i_sygna%C5%82%C3%B3w_drogowych_w_Polsce,
B-32f,B,zakazu,prohibition,opłata,pobór opłat,pl-road-signs/safe/B/B-32f.svg,safe,high,pl.wikipedia + ręczne skrócenie nazw,https://pl.wikipedia.org/wiki/Wzory_znak%C3%B3w_i_sygna%C5%82%C3%B3w_drogowych_w_Polsce,
B-33-100,B,zakazu,prohibition,ograniczenie do 100,ograniczenie prędkości do 100 km/h,pl-road-signs/safe/B/B-33-100.svg,safe,medium,pl.wikipedia + ręczne skrócenie nazw,https://pl.wikipedia.org/wiki/Wzory_znak%C3%B3w_i_sygna%C5%82%C3%B3w_drogowych_w_Polsce,"Nazwa wariantu wygenerowana z bazowego znaku i wartości/odmiany; warto ręcznie potwierdzić, jeśli ma trafić do oficjalnego quizu."
B-34-50,B,zakazu,prohibition,koniec ograniczenia do 50,koniec ograniczenia prędkości do 50 km/h,pl-road-signs/safe/B/B-34-50.svg,safe,medium,pl.wikipedia + ręczne skrócenie nazw,https://pl.wikipedia.org/wiki/Wzory_znak%C3%B3w_i_sygna%C5%82%C3%B3w_drogowych_w_Polsce,"Nazwa wariantu wygenerowana z bazowego znaku i wartości/odmiany; warto ręcznie potwierdzić, jeśli ma trafić do oficjalnego quizu."
B-35,B,zakazu,prohibition,zakaz postoju,zakaz postoju,pl-road-signs/safe/B/B-35.svg,safe,high,pl.wikipedia + ręczne skrócenie nazw,https://pl.wikipedia.org/wiki/Wzory_znak%C3%B3w_i_sygna%C5%82%C3%B3w_drogowych_w_Polsce,
B-36,B,zakazu,prohibition,zakaz zatrzymywania,zakaz zatrzymywania się,pl-road-signs/safe/B/B-36.svg,safe,high,pl.wikipedia + ręczne skrócenie nazw,https://pl.wikipedia.org/wiki/Wzory_znak%C3%B3w_i_sygna%C5%82%C3%B3w_drogowych_w_Polsce,
B-37,B,zakazu,prohibition,zakaz postoju w nieparzyste,zakaz postoju w dni nieparzyste,pl-road-signs/safe/B/B-37.svg,safe,high,pl.wikipedia + ręczne skrócenie nazw,https://pl.wikipedia.org/wiki/Wzory_znak%C3%B3w_i_sygna%C5%82%C3%B3w_drogowych_w_Polsce,
B-38,B,zakazu,prohibition,zakaz postoju w parzyste,zakaz postoju w dni parzyste,pl-road-signs/safe/B/B-38.svg,safe,high,pl.wikipedia + ręczne skrócenie nazw,https://pl.wikipedia.org/wiki/Wzory_znak%C3%B3w_i_sygna%C5%82%C3%B3w_drogowych_w_Polsce,
B-40,B,zakazu,prohibition,koniec strefy postoju,koniec strefy ograniczonego postoju,pl-road-signs/safe/B/B-40.svg,safe,high,pl.wikipedia + ręczne skrócenie nazw,https://pl.wikipedia.org/wiki/Wzory_znak%C3%B3w_i_sygna%C5%82%C3%B3w_drogowych_w_Polsce,
B-41,B,zakazu,prohibition,zakaz pieszych,zakaz ruchu pieszych,pl-road-signs/safe/B/B-41.svg,safe,high,pl.wikipedia + ręczne skrócenie nazw,https://pl.wikipedia.org/wiki/Wzory_znak%C3%B3w_i_sygna%C5%82%C3%B3w_drogowych_w_Polsce,
B-42,B,zakazu,prohibition,koniec zakazów,koniec zakazów,pl-road-signs/safe/B/B-42.svg,safe,high,pl.wikipedia + ręczne skrócenie nazw,https://pl.wikipedia.org/wiki/Wzory_znak%C3%B3w_i_sygna%C5%82%C3%B3w_drogowych_w_Polsce,
B-43-10,B,zakazu,prohibition,strefa 10,strefa ograniczonej prędkości do 10 km/h,pl-road-signs/safe/B/B-43-10.svg,safe,medium,pl.wikipedia + ręczne skrócenie nazw,https://pl.wikipedia.org/wiki/Wzory_znak%C3%B3w_i_sygna%C5%82%C3%B3w_drogowych_w_Polsce,"Nazwa wariantu wygenerowana z bazowego znaku i wartości/odmiany; warto ręcznie potwierdzić, jeśli ma trafić do oficjalnego quizu."
B-44-10,B,zakazu,prohibition,koniec strefy 10,koniec strefy ograniczonej prędkości do 10 km/h,pl-road-signs/safe/B/B-44-10.svg,safe,medium,pl.wikipedia + ręczne skrócenie nazw,https://pl.wikipedia.org/wiki/Wzory_znak%C3%B3w_i_sygna%C5%82%C3%B3w_drogowych_w_Polsce,"Nazwa wariantu wygenerowana z bazowego znaku i wartości/odmiany; warto ręcznie potwierdzić, jeśli ma trafić do oficjalnego quizu."
C-1,C,nakazu,mandatory,nakaz w prawo przed znakiem,nakaz jazdy w prawo przed znakiem,pl-road-signs/review/C/C-1.svg,review,high,pl.wikipedia + ręczne skrócenie nazw,https://pl.wikipedia.org/wiki/Wzory_znak%C3%B3w_i_sygna%C5%82%C3%B3w_drogowych_w_Polsce,Plik SVG w folderze review — sprawdź licencję przed użyciem produkcyjnym.
C-2,C,nakazu,mandatory,nakaz w prawo za znakiem,nakaz jazdy w prawo za znakiem,pl-road-signs/safe/C/C-2.svg,safe,high,pl.wikipedia + ręczne skrócenie nazw,https://pl.wikipedia.org/wiki/Wzory_znak%C3%B3w_i_sygna%C5%82%C3%B3w_drogowych_w_Polsce,
C-3,C,nakazu,mandatory,nakaz w lewo przed znakiem,nakaz jazdy w lewo przed znakiem,pl-road-signs/review/C/C-3.svg,review,high,pl.wikipedia + ręczne skrócenie nazw,https://pl.wikipedia.org/wiki/Wzory_znak%C3%B3w_i_sygna%C5%82%C3%B3w_drogowych_w_Polsce,Plik SVG w folderze review — sprawdź licencję przed użyciem produkcyjnym.
C-4,C,nakazu,mandatory,nakaz w lewo za znakiem,nakaz jazdy w lewo za znakiem,pl-road-signs/safe/C/C-4.svg,safe,high,pl.wikipedia + ręczne skrócenie nazw,https://pl.wikipedia.org/wiki/Wzory_znak%C3%B3w_i_sygna%C5%82%C3%B3w_drogowych_w_Polsce,
C-5,C,nakazu,mandatory,nakaz prosto,nakaz jazdy prosto,pl-road-signs/review/C/C-5.svg,review,high,pl.wikipedia + ręczne skrócenie nazw,https://pl.wikipedia.org/wiki/Wzory_znak%C3%B3w_i_sygna%C5%82%C3%B3w_drogowych_w_Polsce,Plik SVG w folderze review — sprawdź licencję przed użyciem produkcyjnym.
C-6,C,nakazu,mandatory,prosto lub w prawo,nakaz jazdy prosto lub w prawo,pl-road-signs/review/C/C-6.svg,review,high,pl.wikipedia + ręczne skrócenie nazw,https://pl.wikipedia.org/wiki/Wzory_znak%C3%B3w_i_sygna%C5%82%C3%B3w_drogowych_w_Polsce,Plik SVG w folderze review — sprawdź licencję przed użyciem produkcyjnym.
C-7,C,nakazu,mandatory,prosto lub w lewo,nakaz jazdy prosto lub w lewo,pl-road-signs/review/C/C-7.svg,review,high,pl.wikipedia + ręczne skrócenie nazw,https://pl.wikipedia.org/wiki/Wzory_znak%C3%B3w_i_sygna%C5%82%C3%B3w_drogowych_w_Polsce,Plik SVG w folderze review — sprawdź licencję przed użyciem produkcyjnym.
C-8,C,nakazu,mandatory,w prawo lub w lewo,nakaz jazdy w prawo lub w lewo,pl-road-signs/safe/C/C-8.svg,safe,high,pl.wikipedia + ręczne skrócenie nazw,https://pl.wikipedia.org/wiki/Wzory_znak%C3%B3w_i_sygna%C5%82%C3%B3w_drogowych_w_Polsce,
C-9,C,nakazu,mandatory,omiń z prawej,nakaz jazdy z prawej strony znaku,pl-road-signs/review/C/C-9.svg,review,high,pl.wikipedia + ręczne skrócenie nazw,https://pl.wikipedia.org/wiki/Wzory_znak%C3%B3w_i_sygna%C5%82%C3%B3w_drogowych_w_Polsce,Plik SVG w folderze review — sprawdź licencję przed użyciem produkcyjnym.
C-10,C,nakazu,mandatory,omiń z lewej,nakaz jazdy z lewej strony znaku,pl-road-signs/review/C/C-10.svg,review,high,pl.wikipedia + ręczne skrócenie nazw,https://pl.wikipedia.org/wiki/Wzory_znak%C3%B3w_i_sygna%C5%82%C3%B3w_drogowych_w_Polsce,Plik SVG w folderze review — sprawdź licencję przed użyciem produkcyjnym.
C-11,C,nakazu,mandatory,omiń z prawej lub lewej,nakaz jazdy z prawej lub lewej strony znaku,pl-road-signs/safe/C/C-11.svg,safe,high,pl.wikipedia + ręczne skrócenie nazw,https://pl.wikipedia.org/wiki/Wzory_znak%C3%B3w_i_sygna%C5%82%C3%B3w_drogowych_w_Polsce,
C-12,C,nakazu,mandatory,rondo,ruch okrężny,pl-road-signs/safe/C/C-12.svg,safe,high,pl.wikipedia + ręczne skrócenie nazw,https://pl.wikipedia.org/wiki/Wzory_znak%C3%B3w_i_sygna%C5%82%C3%B3w_drogowych_w_Polsce,
C-13,C,nakazu,mandatory,droga rowerowa,droga dla rowerów,pl-road-signs/safe/C/C-13.svg,safe,high,pl.wikipedia + ręczne skrócenie nazw,https://pl.wikipedia.org/wiki/Wzory_znak%C3%B3w_i_sygna%C5%82%C3%B3w_drogowych_w_Polsce,
C-13-16,C,nakazu,mandatory,droga pieszo-rowerowa,droga dla pieszych i rowerów — ruch wspólny,pl-road-signs/safe/C/C-13-16.svg,safe,medium,pl.wikipedia + ręczne skrócenie nazw,https://pl.wikipedia.org/wiki/Wzory_znak%C3%B3w_i_sygna%C5%82%C3%B3w_drogowych_w_Polsce,"Nazwa wariantu wygenerowana z bazowego znaku i wartości/odmiany; warto ręcznie potwierdzić, jeśli ma trafić do oficjalnego quizu."
C-13-16a,C,nakazu,mandatory,droga pieszo-rowerowa,droga dla pieszych i rowerów — podział stron,pl-road-signs/safe/C/C-13-16a.svg,safe,medium,pl.wikipedia + ręczne skrócenie nazw,https://pl.wikipedia.org/wiki/Wzory_znak%C3%B3w_i_sygna%C5%82%C3%B3w_drogowych_w_Polsce,"Nazwa wariantu wygenerowana z bazowego znaku i wartości/odmiany; warto ręcznie potwierdzić, jeśli ma trafić do oficjalnego quizu."
C-13-16b,C,nakazu,mandatory,droga pieszo-rowerowa,droga dla pieszych i rowerów — podział stron,pl-road-signs/safe/C/C-13-16b.svg,safe,medium,pl.wikipedia + ręczne skrócenie nazw,https://pl.wikipedia.org/wiki/Wzory_znak%C3%B3w_i_sygna%C5%82%C3%B3w_drogowych_w_Polsce,"Nazwa wariantu wygenerowana z bazowego znaku i wartości/odmiany; warto ręcznie potwierdzić, jeśli ma trafić do oficjalnego quizu."
C-13a,C,nakazu,mandatory,koniec drogi rowerowej,koniec drogi dla rowerów,pl-road-signs/safe/C/C-13a.svg,safe,high,pl.wikipedia + ręczne skrócenie nazw,https://pl.wikipedia.org/wiki/Wzory_znak%C3%B3w_i_sygna%C5%82%C3%B3w_drogowych_w_Polsce,
C-13a-16a,C,nakazu,mandatory,koniec drogi pieszo-rowerowej,koniec drogi dla pieszych i rowerów — ruch wspólny,pl-road-signs/safe/C/C-13a-16a.svg,safe,medium,pl.wikipedia + ręczne skrócenie nazw,https://pl.wikipedia.org/wiki/Wzory_znak%C3%B3w_i_sygna%C5%82%C3%B3w_drogowych_w_Polsce,"Nazwa wariantu wygenerowana z bazowego znaku i wartości/odmiany; warto ręcznie potwierdzić, jeśli ma trafić do oficjalnego quizu."
C-13a-16aa,C,nakazu,mandatory,koniec drogi pieszo-rowerowej,koniec drogi dla pieszych i rowerów — podział stron,pl-road-signs/safe/C/C-13a-16aa.svg,safe,medium,pl.wikipedia + ręczne skrócenie nazw,https://pl.wikipedia.org/wiki/Wzory_znak%C3%B3w_i_sygna%C5%82%C3%B3w_drogowych_w_Polsce,"Nazwa wariantu wygenerowana z bazowego znaku i wartości/odmiany; warto ręcznie potwierdzić, jeśli ma trafić do oficjalnego quizu."
C-13a-16ab,C,nakazu,mandatory,koniec drogi pieszo-rowerowej,koniec drogi dla pieszych i rowerów — podział stron,pl-road-signs/safe/C/C-13a-16ab.svg,safe,medium,pl.wikipedia + ręczne skrócenie nazw,https://pl.wikipedia.org/wiki/Wzory_znak%C3%B3w_i_sygna%C5%82%C3%B3w_drogowych_w_Polsce,"Nazwa wariantu wygenerowana z bazowego znaku i wartości/odmiany; warto ręcznie potwierdzić, jeśli ma trafić do oficjalnego quizu."
C-14-30,C,nakazu,mandatory,minimum 30 km/h,prędkość minimalna 30 km/h,pl-road-signs/safe/C/C-14-30.svg,safe,medium,pl.wikipedia + ręczne skrócenie nazw,https://pl.wikipedia.org/wiki/Wzory_znak%C3%B3w_i_sygna%C5%82%C3%B3w_drogowych_w_Polsce,"Nazwa wariantu wygenerowana z bazowego znaku i wartości/odmiany; warto ręcznie potwierdzić, jeśli ma trafić do oficjalnego quizu."
C-15-30,C,nakazu,mandatory,koniec minimum 30 km/h,koniec minimalnej prędkości 30 km/h,pl-road-signs/safe/C/C-15-30.svg,safe,medium,pl.wikipedia + ręczne skrócenie nazw,https://pl.wikipedia.org/wiki/Wzory_znak%C3%B3w_i_sygna%C5%82%C3%B3w_drogowych_w_Polsce,"Nazwa wariantu wygenerowana z bazowego znaku i wartości/odmiany; warto ręcznie potwierdzić, jeśli ma trafić do oficjalnego quizu."
C-16,C,nakazu,mandatory,droga dla pieszych,droga dla pieszych,pl-road-signs/safe/C/C-16.svg,safe,high,pl.wikipedia + ręczne skrócenie nazw,https://pl.wikipedia.org/wiki/Wzory_znak%C3%B3w_i_sygna%C5%82%C3%B3w_drogowych_w_Polsce,
C-16a,C,nakazu,mandatory,koniec drogi dla pieszych,koniec drogi dla pieszych,pl-road-signs/safe/C/C-16a.svg,safe,high,pl.wikipedia + ręczne skrócenie nazw,https://pl.wikipedia.org/wiki/Wzory_znak%C3%B3w_i_sygna%C5%82%C3%B3w_drogowych_w_Polsce,
C-18,C,nakazu,mandatory,łańcuchy obowiązkowe,nakaz używania łańcuchów przeciwpoślizgowych,pl-road-signs/review/C/C-18.svg,review,high,pl.wikipedia + ręczne skrócenie nazw,https://pl.wikipedia.org/wiki/Wzory_znak%C3%B3w_i_sygna%C5%82%C3%B3w_drogowych_w_Polsce,Plik SVG w folderze review — sprawdź licencję przed użyciem produkcyjnym.
C-19,C,nakazu,mandatory,koniec obowiązku łańcuchów,koniec nakazu używania łańcuchów przeciwpoślizgowych,pl-road-signs/review/C/C-19.svg,review,high,pl.wikipedia + ręczne skrócenie nazw,https://pl.wikipedia.org/wiki/Wzory_znak%C3%B3w_i_sygna%C5%82%C3%B3w_drogowych_w_Polsce,Plik SVG w folderze review — sprawdź licencję przed użyciem produkcyjnym.
D-1,D,informacyjne,information,droga z pierwszeństwem,droga z pierwszeństwem,pl-road-signs/safe/D/D-1.svg,safe,high,pl.wikipedia + ręczne skrócenie nazw,https://pl.wikipedia.org/wiki/Wzory_znak%C3%B3w_i_sygna%C5%82%C3%B3w_drogowych_w_Polsce,
D-2,D,informacyjne,information,koniec pierwszeństwa,koniec drogi z pierwszeństwem,pl-road-signs/safe/D/D-2.svg,safe,high,pl.wikipedia + ręczne skrócenie nazw,https://pl.wikipedia.org/wiki/Wzory_znak%C3%B3w_i_sygna%C5%82%C3%B3w_drogowych_w_Polsce,
D-3,D,informacyjne,information,jednokierunkowa,droga jednokierunkowa,pl-road-signs/safe/D/D-3.svg,safe,high,pl.wikipedia + ręczne skrócenie nazw,https://pl.wikipedia.org/wiki/Wzory_znak%C3%B3w_i_sygna%C5%82%C3%B3w_drogowych_w_Polsce,
D-4a,D,informacyjne,information,ślepa droga,droga bez przejazdu,pl-road-signs/safe/D/D-4a.svg,safe,high,pl.wikipedia + ręczne skrócenie nazw,https://pl.wikipedia.org/wiki/Wzory_znak%C3%B3w_i_sygna%C5%82%C3%B3w_drogowych_w_Polsce,
D-4b,D,informacyjne,information,wjazd w ślepą drogę,wjazd na drogę bez przejazdu,pl-road-signs/safe/D/D-4b.svg,safe,high,pl.wikipedia + ręczne skrócenie nazw,https://pl.wikipedia.org/wiki/Wzory_znak%C3%B3w_i_sygna%C5%82%C3%B3w_drogowych_w_Polsce,
D-4c,D,informacyjne,information,wjazd w ślepą drogę,wjazd na drogę bez przejazdu,pl-road-signs/safe/D/D-4c.svg,safe,high,pl.wikipedia + ręczne skrócenie nazw,https://pl.wikipedia.org/wiki/Wzory_znak%C3%B3w_i_sygna%C5%82%C3%B3w_drogowych_w_Polsce,
D-5,D,informacyjne,information,pierwszeństwo na zwężeniu,pierwszeństwo na zwężonym odcinku drogi,pl-road-signs/safe/D/D-5.svg,safe,high,pl.wikipedia + ręczne skrócenie nazw,https://pl.wikipedia.org/wiki/Wzory_znak%C3%B3w_i_sygna%C5%82%C3%B3w_drogowych_w_Polsce,
D-6,D,informacyjne,information,pasy,przejście dla pieszych,pl-road-signs/safe/D/D-6.svg,safe,high,pl.wikipedia + ręczne skrócenie nazw,https://pl.wikipedia.org/wiki/Wzory_znak%C3%B3w_i_sygna%C5%82%C3%B3w_drogowych_w_Polsce,
D-6a,D,informacyjne,information,przejazd rowerowy,przejazd dla rowerzystów,pl-road-signs/safe/D/D-6a.svg,safe,high,pl.wikipedia + ręczne skrócenie nazw,https://pl.wikipedia.org/wiki/Wzory_znak%C3%B3w_i_sygna%C5%82%C3%B3w_drogowych_w_Polsce,
D-6b,D,informacyjne,information,pasy i przejazd rowerowy,przejście dla pieszych i przejazd dla rowerzystów,pl-road-signs/safe/D/D-6b.svg,safe,high,pl.wikipedia + ręczne skrócenie nazw,https://pl.wikipedia.org/wiki/Wzory_znak%C3%B3w_i_sygna%C5%82%C3%B3w_drogowych_w_Polsce,
D-7,D,informacyjne,information,ekspresówka,droga ekspresowa,pl-road-signs/safe/D/D-7.svg,safe,high,pl.wikipedia + ręczne skrócenie nazw,https://pl.wikipedia.org/wiki/Wzory_znak%C3%B3w_i_sygna%C5%82%C3%B3w_drogowych_w_Polsce,
D-8,D,informacyjne,information,koniec ekspresówki,koniec drogi ekspresowej,pl-road-signs/safe/D/D-8.svg,safe,high,pl.wikipedia + ręczne skrócenie nazw,https://pl.wikipedia.org/wiki/Wzory_znak%C3%B3w_i_sygna%C5%82%C3%B3w_drogowych_w_Polsce,
D-9,D,informacyjne,information,autostrada,autostrada,pl-road-signs/safe/D/D-9.svg,safe,high,pl.wikipedia + ręczne skrócenie nazw,https://pl.wikipedia.org/wiki/Wzory_znak%C3%B3w_i_sygna%C5%82%C3%B3w_drogowych_w_Polsce,
D-10,D,informacyjne,information,koniec autostrady,koniec autostrady,pl-road-signs/safe/D/D-10.svg,safe,high,pl.wikipedia + ręczne skrócenie nazw,https://pl.wikipedia.org/wiki/Wzory_znak%C3%B3w_i_sygna%C5%82%C3%B3w_drogowych_w_Polsce,
D-11,D,informacyjne,information,początek buspasa,początek pasa ruchu dla autobusów,pl-road-signs/safe/D/D-11.svg,safe,high,pl.wikipedia + ręczne skrócenie nazw,https://pl.wikipedia.org/wiki/Wzory_znak%C3%B3w_i_sygna%C5%82%C3%B3w_drogowych_w_Polsce,
D-12,D,informacyjne,information,buspas,pas ruchu dla autobusów,pl-road-signs/safe/D/D-12.svg,safe,high,pl.wikipedia + ręczne skrócenie nazw,https://pl.wikipedia.org/wiki/Wzory_znak%C3%B3w_i_sygna%C5%82%C3%B3w_drogowych_w_Polsce,
D-13,D,informacyjne,information,początek pasa powolnego,początek pasa ruchu powolnego,pl-road-signs/safe/D/D-13.svg,safe,high,pl.wikipedia + ręczne skrócenie nazw,https://pl.wikipedia.org/wiki/Wzory_znak%C3%B3w_i_sygna%C5%82%C3%B3w_drogowych_w_Polsce,
D-13a,D,informacyjne,information,początek pasa,początek pasa ruchu,pl-road-signs/safe/D/D-13a.svg,safe,high,pl.wikipedia + ręczne skrócenie nazw,https://pl.wikipedia.org/wiki/Wzory_znak%C3%B3w_i_sygna%C5%82%C3%B3w_drogowych_w_Polsce,
D-13b,D,informacyjne,information,początek pasa,początek pasa ruchu,pl-road-signs/safe/D/D-13b.svg,safe,high,pl.wikipedia + ręczne skrócenie nazw,https://pl.wikipedia.org/wiki/Wzory_znak%C3%B3w_i_sygna%C5%82%C3%B3w_drogowych_w_Polsce,
D-14,D,informacyjne,information,koniec pasa,koniec pasa ruchu,pl-road-signs/safe/D/D-14.svg,safe,high,pl.wikipedia + ręczne skrócenie nazw,https://pl.wikipedia.org/wiki/Wzory_znak%C3%B3w_i_sygna%C5%82%C3%B3w_drogowych_w_Polsce,
D-15,D,informacyjne,information,przystanek autobusowy,przystanek autobusowy,pl-road-signs/safe/D/D-15.svg,safe,high,pl.wikipedia + ręczne skrócenie nazw,https://pl.wikipedia.org/wiki/Wzory_znak%C3%B3w_i_sygna%C5%82%C3%B3w_drogowych_w_Polsce,
D-16,D,informacyjne,information,przystanek trolejbusowy,przystanek trolejbusowy,pl-road-signs/safe/D/D-16.svg,safe,high,pl.wikipedia + ręczne skrócenie nazw,https://pl.wikipedia.org/wiki/Wzory_znak%C3%B3w_i_sygna%C5%82%C3%B3w_drogowych_w_Polsce,
D-17,D,informacyjne,information,przystanek tramwajowy,przystanek tramwajowy,pl-road-signs/safe/D/D-17.svg,safe,high,pl.wikipedia + ręczne skrócenie nazw,https://pl.wikipedia.org/wiki/Wzory_znak%C3%B3w_i_sygna%C5%82%C3%B3w_drogowych_w_Polsce,
D-18,D,informacyjne,information,parking,parking,pl-road-signs/safe/D/D-18.svg,safe,high,pl.wikipedia + ręczne skrócenie nazw,https://pl.wikipedia.org/wiki/Wzory_znak%C3%B3w_i_sygna%C5%82%C3%B3w_drogowych_w_Polsce,
D-18a,D,informacyjne,information,parking zastrzeżony,parking — miejsce zastrzeżone,pl-road-signs/safe/D/D-18a.svg,safe,high,pl.wikipedia + ręczne skrócenie nazw,https://pl.wikipedia.org/wiki/Wzory_znak%C3%B3w_i_sygna%C5%82%C3%B3w_drogowych_w_Polsce,
D-18b,D,informacyjne,information,parking zadaszony,parking zadaszony,pl-road-signs/safe/D/D-18b.svg,safe,high,pl.wikipedia + ręczne skrócenie nazw,https://pl.wikipedia.org/wiki/Wzory_znak%C3%B3w_i_sygna%C5%82%C3%B3w_drogowych_w_Polsce,
D-19,D,informacyjne,information,postój taksówek,postój taksówek,pl-road-signs/safe/D/D-19.svg,safe,high,pl.wikipedia + ręczne skrócenie nazw,https://pl.wikipedia.org/wiki/Wzory_znak%C3%B3w_i_sygna%C5%82%C3%B3w_drogowych_w_Polsce,
D-19a,D,informacyjne,information,postój taksówek,postój taksówek,pl-road-signs/safe/D/D-19a.svg,safe,high,pl.wikipedia + ręczne skrócenie nazw,https://pl.wikipedia.org/wiki/Wzory_znak%C3%B3w_i_sygna%C5%82%C3%B3w_drogowych_w_Polsce,
D-20,D,informacyjne,information,koniec postoju taksówek,koniec postoju taksówek,pl-road-signs/safe/D/D-20.svg,safe,high,pl.wikipedia + ręczne skrócenie nazw,https://pl.wikipedia.org/wiki/Wzory_znak%C3%B3w_i_sygna%C5%82%C3%B3w_drogowych_w_Polsce,
D-20a,D,informacyjne,information,koniec postoju taksówek,koniec postoju taksówek,pl-road-signs/safe/D/D-20a.svg,safe,high,pl.wikipedia + ręczne skrócenie nazw,https://pl.wikipedia.org/wiki/Wzory_znak%C3%B3w_i_sygna%C5%82%C3%B3w_drogowych_w_Polsce,
D-21,D,informacyjne,information,szpital,szpital,pl-road-signs/safe/D/D-21.svg,safe,high,pl.wikipedia + ręczne skrócenie nazw,https://pl.wikipedia.org/wiki/Wzory_znak%C3%B3w_i_sygna%C5%82%C3%B3w_drogowych_w_Polsce,
D-21a,D,informacyjne,information,policja,policja,pl-road-signs/safe/D/D-21a.svg,safe,high,pl.wikipedia + ręczne skrócenie nazw,https://pl.wikipedia.org/wiki/Wzory_znak%C3%B3w_i_sygna%C5%82%C3%B3w_drogowych_w_Polsce,
D-22,D,informacyjne,information,punkt opatrunkowy,punkt opatrunkowy,pl-road-signs/safe/D/D-22.svg,safe,high,pl.wikipedia + ręczne skrócenie nazw,https://pl.wikipedia.org/wiki/Wzory_znak%C3%B3w_i_sygna%C5%82%C3%B3w_drogowych_w_Polsce,
D-23,D,informacyjne,information,stacja paliw,stacja paliwowa,pl-road-signs/safe/D/D-23.svg,safe,high,pl.wikipedia + ręczne skrócenie nazw,https://pl.wikipedia.org/wiki/Wzory_znak%C3%B3w_i_sygna%C5%82%C3%B3w_drogowych_w_Polsce,
D-23a,D,informacyjne,information,stacja LPG,stacja paliwowa tylko z gazem do napędu pojazdów,pl-road-signs/safe/D/D-23a.svg,safe,high,pl.wikipedia + ręczne skrócenie nazw,https://pl.wikipedia.org/wiki/Wzory_znak%C3%B3w_i_sygna%C5%82%C3%B3w_drogowych_w_Polsce,
D-23b,D,informacyjne,information,stacja paliw z ładowarką,stacja paliwowa z punktem ładowania pojazdów elektrycznych,pl-road-signs/safe/D/D-23b.svg,safe,high,pl.wikipedia + ręczne skrócenie nazw,https://pl.wikipedia.org/wiki/Wzory_znak%C3%B3w_i_sygna%C5%82%C3%B3w_drogowych_w_Polsce,
D-23c,D,informacyjne,information,ładowarka aut elektrycznych,punkt ładowania pojazdów elektrycznych,pl-road-signs/safe/D/D-23c.svg,safe,high,pl.wikipedia + ręczne skrócenie nazw,https://pl.wikipedia.org/wiki/Wzory_znak%C3%B3w_i_sygna%C5%82%C3%B3w_drogowych_w_Polsce,
D-24,D,informacyjne,information,telefon,telefon,pl-road-signs/safe/D/D-24.svg,safe,high,pl.wikipedia + ręczne skrócenie nazw,https://pl.wikipedia.org/wiki/Wzory_znak%C3%B3w_i_sygna%C5%82%C3%B3w_drogowych_w_Polsce,
D-25,D,informacyjne,information,poczta,poczta,pl-road-signs/safe/D/D-25.svg,safe,high,pl.wikipedia + ręczne skrócenie nazw,https://pl.wikipedia.org/wiki/Wzory_znak%C3%B3w_i_sygna%C5%82%C3%B3w_drogowych_w_Polsce,
D-26a,D,informacyjne,information,wulkanizacja,wulkanizacja,pl-road-signs/safe/D/D-26a.svg,safe,high,pl.wikipedia + ręczne skrócenie nazw,https://pl.wikipedia.org/wiki/Wzory_znak%C3%B3w_i_sygna%C5%82%C3%B3w_drogowych_w_Polsce,
D-26b,D,informacyjne,information,myjnia,myjnia,pl-road-signs/safe/D/D-26b.svg,safe,high,pl.wikipedia + ręczne skrócenie nazw,https://pl.wikipedia.org/wiki/Wzory_znak%C3%B3w_i_sygna%C5%82%C3%B3w_drogowych_w_Polsce,
D-26c,D,informacyjne,information,toaleta,toaleta publiczna,pl-road-signs/safe/D/D-26c.svg,safe,high,pl.wikipedia + ręczne skrócenie nazw,https://pl.wikipedia.org/wiki/Wzory_znak%C3%B3w_i_sygna%C5%82%C3%B3w_drogowych_w_Polsce,
D-26d,D,informacyjne,information,prysznic,natrysk,pl-road-signs/safe/D/D-26d.svg,safe,high,pl.wikipedia + ręczne skrócenie nazw,https://pl.wikipedia.org/wiki/Wzory_znak%C3%B3w_i_sygna%C5%82%C3%B3w_drogowych_w_Polsce,
D-27,D,informacyjne,information,kawiarnia lub bufet,bufet lub kawiarnia,pl-road-signs/safe/D/D-27.svg,safe,high,pl.wikipedia + ręczne skrócenie nazw,https://pl.wikipedia.org/wiki/Wzory_znak%C3%B3w_i_sygna%C5%82%C3%B3w_drogowych_w_Polsce,
D-28,D,informacyjne,information,restauracja,restauracja,pl-road-signs/safe/D/D-28.svg,safe,high,pl.wikipedia + ręczne skrócenie nazw,https://pl.wikipedia.org/wiki/Wzory_znak%C3%B3w_i_sygna%C5%82%C3%B3w_drogowych_w_Polsce,
D-29,D,informacyjne,information,hotel/motel,hotel (motel),pl-road-signs/safe/D/D-29.svg,safe,high,pl.wikipedia + ręczne skrócenie nazw,https://pl.wikipedia.org/wiki/Wzory_znak%C3%B3w_i_sygna%C5%82%C3%B3w_drogowych_w_Polsce,
D-30,D,informacyjne,information,kemping,obozowisko (kemping),pl-road-signs/safe/D/D-30.svg,safe,high,pl.wikipedia + ręczne skrócenie nazw,https://pl.wikipedia.org/wiki/Wzory_znak%C3%B3w_i_sygna%C5%82%C3%B3w_drogowych_w_Polsce,
D-31,D,informacyjne,information,kemping z prądem,obozowisko (kemping) wyposażone w podłączenia elektryczne do przyczep,pl-road-signs/safe/D/D-31.svg,safe,high,pl.wikipedia + ręczne skrócenie nazw,https://pl.wikipedia.org/wiki/Wzory_znak%C3%B3w_i_sygna%C5%82%C3%B3w_drogowych_w_Polsce,
D-32,D,informacyjne,information,pole biwakowe,pole biwakowe,pl-road-signs/safe/D/D-32.svg,safe,high,pl.wikipedia + ręczne skrócenie nazw,https://pl.wikipedia.org/wiki/Wzory_znak%C3%B3w_i_sygna%C5%82%C3%B3w_drogowych_w_Polsce,
D-33,D,informacyjne,information,schronisko młodzieżowe,schronisko młodzieżowe,pl-road-signs/safe/D/D-33.svg,safe,high,pl.wikipedia + ręczne skrócenie nazw,https://pl.wikipedia.org/wiki/Wzory_znak%C3%B3w_i_sygna%C5%82%C3%B3w_drogowych_w_Polsce,
D-34,D,informacyjne,information,informacja turystyczna,punkt informacji turystycznej,pl-road-signs/safe/D/D-34.svg,safe,high,pl.wikipedia + ręczne skrócenie nazw,https://pl.wikipedia.org/wiki/Wzory_znak%C3%B3w_i_sygna%C5%82%C3%B3w_drogowych_w_Polsce,
D-34a,D,informacyjne,information,radio drogowe,informacja radiowa o ruchu drogowym,pl-road-signs/safe/D/D-34a.svg,safe,high,pl.wikipedia + ręczne skrócenie nazw,https://pl.wikipedia.org/wiki/Wzory_znak%C3%B3w_i_sygna%C5%82%C3%B3w_drogowych_w_Polsce,
D-34b,D,informacyjne,information,zbiorcza tablica informacyjna,zbiorcza tablica informacyjna,pl-road-signs/safe/D/D-34b.svg,safe,high,pl.wikipedia + ręczne skrócenie nazw,https://pl.wikipedia.org/wiki/Wzory_znak%C3%B3w_i_sygna%C5%82%C3%B3w_drogowych_w_Polsce,
D-35,D,informacyjne,information,przejście podziemne,przejście podziemne dla pieszych,pl-road-signs/safe/D/D-35.svg,safe,high,pl.wikipedia + ręczne skrócenie nazw,https://pl.wikipedia.org/wiki/Wzory_znak%C3%B3w_i_sygna%C5%82%C3%B3w_drogowych_w_Polsce,
D-35a,D,informacyjne,information,schody ruchome w dół,schody ruchome w dół,pl-road-signs/safe/D/D-35a.svg,safe,high,pl.wikipedia + ręczne skrócenie nazw,https://pl.wikipedia.org/wiki/Wzory_znak%C3%B3w_i_sygna%C5%82%C3%B3w_drogowych_w_Polsce,
D-36,D,informacyjne,information,przejście nadziemne,przejście nadziemne dla pieszych,pl-road-signs/safe/D/D-36.svg,safe,high,pl.wikipedia + ręczne skrócenie nazw,https://pl.wikipedia.org/wiki/Wzory_znak%C3%B3w_i_sygna%C5%82%C3%B3w_drogowych_w_Polsce,
D-36a,D,informacyjne,information,schody ruchome w górę,schody ruchome w górę,pl-road-signs/safe/D/D-36a.svg,safe,high,pl.wikipedia + ręczne skrócenie nazw,https://pl.wikipedia.org/wiki/Wzory_znak%C3%B3w_i_sygna%C5%82%C3%B3w_drogowych_w_Polsce,
D-37,D,informacyjne,information,tunel,tunel,pl-road-signs/safe/D/D-37.svg,safe,high,pl.wikipedia + ręczne skrócenie nazw,https://pl.wikipedia.org/wiki/Wzory_znak%C3%B3w_i_sygna%C5%82%C3%B3w_drogowych_w_Polsce,
D-38,D,informacyjne,information,koniec tunelu,koniec tunelu,pl-road-signs/safe/D/D-38.svg,safe,high,pl.wikipedia + ręczne skrócenie nazw,https://pl.wikipedia.org/wiki/Wzory_znak%C3%B3w_i_sygna%C5%82%C3%B3w_drogowych_w_Polsce,
D-39a,D,informacyjne,information,opłaty drogowe,opłaty drogowe,pl-road-signs/safe/D/D-39a.svg,safe,high,pl.wikipedia + ręczne skrócenie nazw,https://pl.wikipedia.org/wiki/Wzory_znak%C3%B3w_i_sygna%C5%82%C3%B3w_drogowych_w_Polsce,
D-40,D,informacyjne,information,strefa zamieszkania,strefa zamieszkania,pl-road-signs/safe/D/D-40.svg,safe,high,pl.wikipedia + ręczne skrócenie nazw,https://pl.wikipedia.org/wiki/Wzory_znak%C3%B3w_i_sygna%C5%82%C3%B3w_drogowych_w_Polsce,
D-41,D,informacyjne,information,koniec strefy zamieszkania,koniec strefy zamieszkania,pl-road-signs/safe/D/D-41.svg,safe,high,pl.wikipedia + ręczne skrócenie nazw,https://pl.wikipedia.org/wiki/Wzory_znak%C3%B3w_i_sygna%C5%82%C3%B3w_drogowych_w_Polsce,
D-42,D,informacyjne,information,obszar zabudowany,obszar zabudowany,pl-road-signs/safe/D/D-42.svg,safe,high,pl.wikipedia + ręczne skrócenie nazw,https://pl.wikipedia.org/wiki/Wzory_znak%C3%B3w_i_sygna%C5%82%C3%B3w_drogowych_w_Polsce,
D-43,D,informacyjne,information,koniec obszaru zabudowanego,koniec obszaru zabudowanego,pl-road-signs/safe/D/D-43.svg,safe,high,pl.wikipedia + ręczne skrócenie nazw,https://pl.wikipedia.org/wiki/Wzory_znak%C3%B3w_i_sygna%C5%82%C3%B3w_drogowych_w_Polsce,
D-44,D,informacyjne,information,strefa płatnego parkowania,strefa płatnego parkowania lub śródmiejska strefa płatnego parkowania,pl-road-signs/safe/D/D-44.svg,safe,high,pl.wikipedia + ręczne skrócenie nazw,https://pl.wikipedia.org/wiki/Wzory_znak%C3%B3w_i_sygna%C5%82%C3%B3w_drogowych_w_Polsce,
D-45,D,informacyjne,information,koniec płatnego parkowania,koniec strefy płatnego parkowania lub śródmiejskiej strefy płatnego parkowania,pl-road-signs/safe/D/D-45.svg,safe,high,pl.wikipedia + ręczne skrócenie nazw,https://pl.wikipedia.org/wiki/Wzory_znak%C3%B3w_i_sygna%C5%82%C3%B3w_drogowych_w_Polsce,
D-46,D,informacyjne,information,droga wewnętrzna,droga wewnętrzna,pl-road-signs/safe/D/D-46.svg,safe,high,pl.wikipedia + ręczne skrócenie nazw,https://pl.wikipedia.org/wiki/Wzory_znak%C3%B3w_i_sygna%C5%82%C3%B3w_drogowych_w_Polsce,
D-47,D,informacyjne,information,koniec drogi wewnętrznej,koniec drogi wewnętrznej,pl-road-signs/safe/D/D-47.svg,safe,high,pl.wikipedia + ręczne skrócenie nazw,https://pl.wikipedia.org/wiki/Wzory_znak%C3%B3w_i_sygna%C5%82%C3%B3w_drogowych_w_Polsce,
D-48,D,informacyjne,information,zmiana pierwszeństwa,zmiana pierwszeństwa,pl-road-signs/safe/D/D-48.svg,safe,high,pl.wikipedia + ręczne skrócenie nazw,https://pl.wikipedia.org/wiki/Wzory_znak%C3%B3w_i_sygna%C5%82%C3%B3w_drogowych_w_Polsce,
D-48a,D,informacyjne,information,zmiana pierwszeństwa,zmiana pierwszeństwa,pl-road-signs/safe/D/D-48a.svg,safe,high,pl.wikipedia + ręczne skrócenie nazw,https://pl.wikipedia.org/wiki/Wzory_znak%C3%B3w_i_sygna%C5%82%C3%B3w_drogowych_w_Polsce,
D-49,D,informacyjne,information,pobór opłat,pobór opłat,pl-road-signs/safe/D/D-49.svg,safe,high,pl.wikipedia + ręczne skrócenie nazw,https://pl.wikipedia.org/wiki/Wzory_znak%C3%B3w_i_sygna%C5%82%C3%B3w_drogowych_w_Polsce,
D-50,D,informacyjne,information,zatoka,zatoka,pl-road-signs/safe/D/D-50.svg,safe,high,pl.wikipedia + ręczne skrócenie nazw,https://pl.wikipedia.org/wiki/Wzory_znak%C3%B3w_i_sygna%C5%82%C3%B3w_drogowych_w_Polsce,
D-51,D,informacyjne,information,fotoradar,automatyczna kontrola prędkości,pl-road-signs/safe/D/D-51.svg,safe,high,pl.wikipedia + ręczne skrócenie nazw,https://pl.wikipedia.org/wiki/Wzory_znak%C3%B3w_i_sygna%C5%82%C3%B3w_drogowych_w_Polsce,
D-51aa,D,informacyjne,information,odcinkowy pomiar prędkości,automatyczna kontrola średniej prędkości,pl-road-signs/safe/D/D-51aa.svg,safe,high,pl.wikipedia + ręczne skrócenie nazw,https://pl.wikipedia.org/wiki/Wzory_znak%C3%B3w_i_sygna%C5%82%C3%B3w_drogowych_w_Polsce,
D-51b,D,informacyjne,information,koniec odcinkowego pomiaru,koniec automatycznej kontroli średniej prędkości,pl-road-signs/safe/D/D-51b.svg,safe,high,pl.wikipedia + ręczne skrócenie nazw,https://pl.wikipedia.org/wiki/Wzory_znak%C3%B3w_i_sygna%C5%82%C3%B3w_drogowych_w_Polsce,
D-52,D,informacyjne,information,strefa ruchu,strefa ruchu,pl-road-signs/safe/D/D-52.svg,safe,high,pl.wikipedia + ręczne skrócenie nazw,https://pl.wikipedia.org/wiki/Wzory_znak%C3%B3w_i_sygna%C5%82%C3%B3w_drogowych_w_Polsce,
D-53,D,informacyjne,information,koniec strefy ruchu,koniec strefy ruchu,pl-road-signs/safe/D/D-53.svg,safe,high,pl.wikipedia + ręczne skrócenie nazw,https://pl.wikipedia.org/wiki/Wzory_znak%C3%B3w_i_sygna%C5%82%C3%B3w_drogowych_w_Polsce,
D-54,D,informacyjne,information,strefa czystego transportu,strefa czystego transportu,pl-road-signs/review/D/D-54.svg,review,high,pl.wikipedia + ręczne skrócenie nazw,https://pl.wikipedia.org/wiki/Wzory_znak%C3%B3w_i_sygna%C5%82%C3%B3w_drogowych_w_Polsce,Plik SVG w folderze review — sprawdź licencję przed użyciem produkcyjnym.
D-55,D,informacyjne,information,koniec strefy czystego transportu,koniec strefy czystego transportu,pl-road-signs/review/D/D-55.svg,review,high,pl.wikipedia + ręczne skrócenie nazw,https://pl.wikipedia.org/wiki/Wzory_znak%C3%B3w_i_sygna%C5%82%C3%B3w_drogowych_w_Polsce,Plik SVG w folderze review — sprawdź licencję przed użyciem produkcyjnym.
